NAME,AQI,YEAR,MONTH,DATE
Beijing,85,2014,1,1
Beijing,158,2014,1,2
Beijing,74,2014,1,3
Beijing,165,2014,1,4
Beijing,113,2014,1,5
Beijing,190,2014,1,6
Beijing,122,2014,1,7
Beijing,32,2014,1,8
Beijing,49,2014,1,9
Beijing,95,2014,1,10
Beijing,159,2014,1,11
Beijing,52,2014,1,12
Beijing,117,2014,1,13
Beijing,113,2014,1,14
Beijing,180,2014,1,15
Beijing,403,2014,1,16
Beijing,209,2014,1,17
Beijing,113,2014,1,18
Beijing,149,2014,1,19
Beijing,33,2014,1,20
Beijing,68,2014,1,21
Beijing,162,2014,1,22
Beijing,276,2014,1,23
Beijing,195,2014,1,24
Beijing,50,2014,1,25
Beijing,77,2014,1,26
Beijing,114,2014,1,27
Beijing,67,2014,1,28
Beijing,165,2014,1,29
Beijing,93,2014,1,30
Beijing,188,2014,1,31
Beijing,178,2014,2,1
Beijing,85,2014,2,2
Beijing,38,2014,2,3
Beijing,47,2014,2,4
Beijing,119,2014,2,5
Beijing,158,2014,2,6
Beijing,124,2014,2,7
Beijing,84,2014,2,8
Beijing,34,2014,2,9
Beijing,53,2014,2,10
Beijing,142,2014,2,11
Beijing,150,2014,2,12
Beijing,242,2014,2,13
Beijing,329,2014,2,14
Beijing,429,2014,2,15
Beijing,348,2014,2,16
Beijing,118,2014,2,17
Beijing,98,2014,2,18
Beijing,92,2014,2,19
Beijing,270,2014,2,20
Beijing,311,2014,2,21
Beijing,311,2014,2,22
Beijing,255,2014,2,23
Beijing,313,2014,2,24
Beijing,404,2014,2,25
Beijing,37,2014,2,27
Beijing,113,2014,2,28
Beijing,68,2014,3,1
Beijing,189,2014,3,2
Beijing,268,2014,3,3
Beijing,67,2014,3,4
Beijing,50,2014,3,5
Beijing,43,2014,3,6
Beijing,70,2014,3,7
Beijing,179,2014,3,8
Beijing,127,2014,3,9
Beijing,110,2014,3,10
Beijing,195,2014,3,11
Beijing,41,2014,3,12
Beijing,69,2014,3,13
Beijing,64,2014,3,14
Beijing,133,2014,3,15
Beijing,145,2014,3,16
Beijing,142,2014,3,17
Beijing,85,2014,3,18
Beijing,73,2014,3,19
Beijing,44,2014,3,20
Beijing,62,2014,3,21
Beijing,86,2014,3,22
Beijing,186,2014,3,23
Beijing,271,2014,3,24
Beijing,255,2014,3,25
Beijing,,2014,3,26
Beijing,331,2014,3,26
Beijing,285,2014,3,27
Beijing,169,2014,3,28
Beijing,63,2014,3,29
Beijing,77,2014,3,30
Beijing,183,2014,3,31
Beijing,147,2014,4,1
Beijing,133,2014,4,2
Beijing,66,2014,4,3
Beijing,91,2014,4,4
Beijing,68,2014,4,5
Beijing,98,2014,4,6
Beijing,135,2014,4,7
Beijing,223,2014,4,8
Beijing,156,2014,4,9
Beijing,246,2014,4,10
Beijing,83,2014,4,11
Beijing,133,2014,4,12
Beijing,212,2014,4,13
Beijing,270,2014,4,14
Beijing,109,2014,4,15
Beijing,90,2014,4,16
Beijing,124,2014,4,17
Beijing,182,2014,4,18
Beijing,84,2014,4,19
Beijing,84,2014,4,20
Beijing,73,2014,4,21
Beijing,85,2014,4,22
Beijing,156,2014,4,23
Beijing,156,2014,4,24
Beijing,163,2014,4,25
Beijing,69,2014,4,26
Beijing,74,2014,4,27
Beijing,83,2014,4,28
Beijing,122,2014,4,29
Beijing,139,2014,4,30
Beijing,156,2014,5,1
Beijing,50,2014,5,2
Beijing,93,2014,5,3
Beijing,57,2014,5,4
Beijing,54,2014,5,5
Beijing,105,2014,5,6
Beijing,82,2014,5,7
Beijing,104,2014,5,8
Beijing,84,2014,5,9
Beijing,69,2014,5,10
Beijing,46,2014,5,11
Beijing,74,2014,5,12
Beijing,86,2014,5,13
Beijing,59,2014,5,14
Beijing,122,2014,5,15
Beijing,92,2014,5,16
Beijing,124,2014,5,17
Beijing,171,2014,5,18
Beijing,146,2014,5,19
Beijing,113,2014,5,20
Beijing,170,2014,5,21
Beijing,183,2014,5,22
Beijing,140,2014,5,23
Beijing,104,2014,5,24
Beijing,91,2014,5,25
Beijing,77,2014,5,26
Beijing,107,2014,5,27
Beijing,121,2014,5,28
Beijing,120,2014,5,29
Beijing,192,2014,5,30
Beijing,177,2014,5,31
Beijing,130,2014,6,1
Beijing,90,2014,6,2
Beijing,117,2014,6,3
Beijing,124,2014,6,4
Beijing,157,2014,6,5
Beijing,103,2014,6,6
Beijing,51,2014,6,7
Beijing,70,2014,6,8
Beijing,87,2014,6,9
Beijing,95,2014,6,10
Beijing,74,2014,6,11
Beijing,90,2014,6,12
Beijing,116,2014,6,13
Beijing,165,2014,6,14
Beijing,178,2014,6,15
Beijing,178,2014,6,16
Beijing,104,2014,6,17
Beijing,116,2014,6,18
Beijing,116,2014,6,19
Beijing,84,2014,6,20
Beijing,96,2014,6,21
Beijing,91,2014,6,22
Beijing,115,2014,6,23
Beijing,161,2014,6,24
Beijing,138,2014,6,25
Beijing,163,2014,6,26
Beijing,68,2014,6,27
Beijing,77,2014,6,28
Beijing,161,2014,6,29
Beijing,185,2014,6,30
Beijing,172,2014,7,1
Beijing,80,2014,7,2
Beijing,248,2014,7,3
Beijing,237,2014,7,4
Beijing,165,2014,7,5
Beijing,256,2014,7,6
Beijing,216,2014,7,7
Beijing,134,2014,7,8
Beijing,63,2014,7,9
Beijing,114,2014,7,10
Beijing,77,2014,7,11
Beijing,80,2014,7,12
Beijing,64,2014,7,13
Beijing,156,2014,7,14
Beijing,140,2014,7,15
Beijing,133,2014,7,16
Beijing,186,2014,7,17
Beijing,182,2014,7,18
Beijing,106,2014,7,19
Beijing,119,2014,7,20
Beijing,68,2014,7,21
Beijing,54,2014,7,22
Beijing,82,2014,7,23
Beijing,90,2014,7,24
Beijing,134,2014,7,25
Beijing,188,2014,7,26
Beijing,194,2014,7,27
Beijing,159,2014,7,28
Beijing,159,2014,7,29
Beijing,169,2014,7,30
Beijing,244,2014,7,31
Beijing,199,2014,8,1
Beijing,163,2014,8,2
Beijing,149,2014,8,3
Beijing,47,2014,8,4
Beijing,80,2014,8,5
Beijing,67,2014,8,6
Beijing,162,2014,8,7
Beijing,140,2014,8,8
Beijing,143,2014,8,9
Beijing,125,2014,8,10
Beijing,76,2014,8,11
Beijing,119,2014,8,12
Beijing,70,2014,8,13
Beijing,104,2014,8,14
Beijing,109,2014,8,15
Beijing,159,2014,8,16
Beijing,124,2014,8,17
Beijing,135,2014,8,18
Beijing,150,2014,8,19
Beijing,164,2014,8,20
Beijing,169,2014,8,21
Beijing,83,2014,8,22
Beijing,155,2014,8,23
Beijing,75,2014,8,24
Beijing,59,2014,8,25
Beijing,78,2014,8,26
Beijing,136,2014,8,27
Beijing,103,2014,8,28
Beijing,104,2014,8,29
Beijing,176,2014,8,30
Beijing,89,2014,8,31
Beijing,127,2014,9,1
Beijing,42,2014,9,2
Beijing,54,2014,9,3
Beijing,100,2014,9,4
Beijing,140,2014,9,5
Beijing,186,2014,9,6
Beijing,200,2014,9,7
Beijing,61,2014,9,8
Beijing,109,2014,9,9
Beijing,111,2014,9,10
Beijing,114,2014,9,11
Beijing,97,2014,9,12
Beijing,94,2014,9,13
Beijing,66,2014,9,14
Beijing,54,2014,9,15
Beijing,87,2014,9,16
Beijing,80,2014,9,17
Beijing,84,2014,9,18
Beijing,117,2014,9,19
Beijing,168,2014,9,20
Beijing,129,2014,9,21
Beijing,127,2014,9,22
Beijing,64,2014,9,23
Beijing,60,2014,9,24
Beijing,144,2014,9,25
Beijing,170,2014,9,26
Beijing,58,2014,9,27
Beijing,87,2014,9,28
Beijing,70,2014,9,29
Beijing,53,2014,9,30
Beijing,92,2014,10,1
Beijing,78,2014,10,2
Beijing,123,2014,10,3
Beijing,95,2014,10,4
Beijing,54,2014,10,5
Beijing,68,2014,10,6
Beijing,200,2014,10,7
Beijing,314,2014,10,8
Beijing,379,2014,10,9
Beijing,346,2014,10,10
Beijing,233,2014,10,11
Beijing,30,2014,10,12
Beijing,49,2014,10,13
Beijing,80,2014,10,14
Beijing,73,2014,10,15
Beijing,76,2014,10,16
Beijing,132,2014,10,17
Beijing,211,2014,10,18
Beijing,289,2014,10,19
Beijing,250,2014,10,20
Beijing,82,2014,10,21
Beijing,99,2014,10,22
Beijing,163,2014,10,23
Beijing,267,2014,10,24
Beijing,353,2014,10,25
Beijing,78,2014,10,26
Beijing,72,2014,10,27
Beijing,88,2014,10,28
Beijing,140,2014,10,29
Beijing,206,2014,10,30
Beijing,204,2014,10,31
Beijing,65,2014,11,1
Beijing,34,2014,11,2
Beijing,59,2014,11,3
Beijing,150,2014,11,4
Beijing,79,2014,11,5
Beijing,32,2014,11,6
Beijing,63,2014,11,7
Beijing,93,2014,11,8
Beijing,80,2014,11,9
Beijing,95,2014,11,10
Beijing,59,2014,11,11
Beijing,40,2014,11,12
Beijing,65,2014,11,13
Beijing,77,2014,11,14
Beijing,143,2014,11,15
Beijing,98,2014,11,16
Beijing,64,2014,11,17
Beijing,93,2014,11,18
Beijing,282,2014,11,19
Beijing,351,2014,11,20
Beijing,74,2014,11,22
Beijing,155,2014,11,23
Beijing,94,2014,11,24
Beijing,196,2014,11,25
Beijing,293,2014,11,26
Beijing,83,2014,11,27
Beijing,114,2014,11,28
Beijing,276,2014,11,29
Beijing,54,2014,12,1
Beijing,65,2014,12,2
Beijing,51,2014,12,3
Beijing,31,2014,12,4
Beijing,62,2014,12,5
Beijing,89,2014,12,6
Beijing,65,2014,12,7
Beijing,82,2014,12,8
Beijing,276,2014,12,9
Beijing,153,2014,12,10
Beijing,52,2014,12,11
Beijing,41,2014,12,12
Beijing,69,2014,12,13
Beijing,113,2014,12,14
Beijing,82,2014,12,15
Beijing,33,2014,12,16
Beijing,99,2014,12,17
Beijing,,2014,12,18
Beijing,53,2014,12,19
Beijing,32,2014,12,20
Beijing,44,2014,12,21
Beijing,103,2014,12,22
Beijing,100,2014,12,23
Beijing,44,2014,12,24
Beijing,73,2014,12,25
Beijing,155,2014,12,26
Beijing,243,2014,12,27
Beijing,155,2014,12,28
Beijing,125,2014,12,29
Beijing,65,2014,12,30
Beijing,43,2014,12,31
Beijing,65,2015,1,1
Beijing,79,2015,1,2
Beijing,200,2015,1,3
Beijing,226,2015,1,4
Beijing,122,2015,1,5
Beijing,60,2015,1,6
Beijing,85,2015,1,7
Beijing,190,2015,1,8
Beijing,105,2015,1,9
Beijing,208,2015,1,10
Beijing,59,2015,1,11
Beijing,160,2015,1,12
Beijing,211,2015,1,13
Beijing,265,2015,1,14
Beijing,386,2015,1,15
Beijing,118,2015,1,16
Beijing,89,2015,1,17
Beijing,94,2015,1,18
Beijing,77,2015,1,19
Beijing,113,2015,1,20
Beijing,48,2015,1,21
Beijing,143,2015,1,22
Beijing,257,2015,1,23
Beijing,117,2015,1,24
Beijing,185,2015,1,25
Beijing,119,2015,1,26
Beijing,43,2015,1,27
Beijing,65,2015,1,28
Beijing,87,2015,1,29
Beijing,35,2015,1,30
Beijing,60,2015,1,31
Beijing,108,2015,2,1
Beijing,188,2015,2,2
Beijing,143,2015,2,3
Beijing,36,2015,2,4
Beijing,62,2015,2,5
Beijing,100,2015,2,6
Beijing,37,2015,2,7
Beijing,46,2015,2,8
Beijing,152,2015,2,9
Beijing,166,2015,2,10
Beijing,55,2015,2,11
Beijing,59,2015,2,12
Beijing,175,2015,2,13
Beijing,293,2015,2,14
Beijing,326,2015,2,15
Beijing,153,2015,2,16
Beijing,44,2015,2,17
Beijing,73,2015,2,18
Beijing,267,2015,2,19
Beijing,183,2015,2,20
Beijing,394,2015,2,21
Beijing,158,2015,2,22
Beijing,86,2015,2,23
Beijing,207,2015,2,24
Beijing,88,2015,2,25
Beijing,39,2015,2,26
Beijing,41,2015,2,27
Beijing,165,2015,2,28
Beijing,70,2015,3,1
Beijing,74,2015,3,2
Beijing,50,2015,3,3
Beijing,47,2015,3,4
Beijing,153,2015,3,5
Beijing,251,2015,3,6
Beijing,279,2015,3,7
Beijing,152,2015,3,8
Beijing,40,2015,3,9
Beijing,57,2015,3,10
Beijing,64,2015,3,11
Beijing,98,2015,3,12
Beijing,89,2015,3,13
Beijing,132,2015,3,14
Beijing,137,2015,3,15
Beijing,266,2015,3,16
Beijing,226,2015,3,17
Beijing,75,2015,3,18
Beijing,134,2015,3,19
Beijing,123,2015,3,20
Beijing,75,2015,3,21
Beijing,79,2015,3,22
Beijing,70,2015,3,23
Beijing,109,2015,3,24
Beijing,160,2015,3,25
Beijing,137,2015,3,26
Beijing,143,2015,3,27
Beijing,174,2015,3,28
Beijing,176,2015,3,29
Beijing,201,2015,3,30
Beijing,192,2015,3,31
Beijing,77,2015,4,1
Beijing,50,2015,4,2
Beijing,62,2015,4,3
Beijing,90,2015,4,4
Beijing,70,2015,4,5
Beijing,43,2015,4,6
Beijing,50,2015,4,7
Beijing,135,2015,4,8
Beijing,217,2015,4,9
Beijing,201,2015,4,10
Beijing,182,2015,4,11
Beijing,44,2015,4,12
Beijing,68,2015,4,13
Beijing,78,2015,4,14
Beijing,181,2015,4,15
Beijing,87,2015,4,16
Beijing,116,2015,4,17
Beijing,87,2015,4,19
Beijing,90,2015,4,20
Beijing,91,2015,4,21
Beijing,85,2015,4,22
Beijing,80,2015,4,23
Beijing,107,2015,4,24
Beijing,119,2015,4,25
Beijing,161,2015,4,26
Beijing,115,2015,4,27
Beijing,79,2015,4,28
Beijing,152,2015,4,29
Beijing,153,2015,4,30
Beijing,150,2015,5,1
Beijing,89,2015,5,2
Beijing,66,2015,5,3
Beijing,67,2015,5,4
Beijing,72,2015,5,5
Beijing,63,2015,5,6
Beijing,87,2015,5,7
Beijing,73,2015,5,8
Beijing,52,2015,5,9
Beijing,59,2015,5,10
Beijing,43,2015,5,11
Beijing,58,2015,5,12
Beijing,102,2015,5,13
Beijing,62,2015,5,14
Beijing,68,2015,5,15
Beijing,120,2015,5,16
Beijing,178,2015,5,17
Beijing,72,2015,5,18
Beijing,47,2015,5,19
Beijing,65,2015,5,20
Beijing,92,2015,5,21
Beijing,141,2015,5,22
Beijing,177,2015,5,23
Beijing,176,2015,5,24
Beijing,203,2015,5,25
Beijing,190,2015,5,26
Beijing,160,2015,5,27
Beijing,142,2015,5,28
Beijing,99,2015,5,29
Beijing,140,2015,5,30
Beijing,154,2015,5,31
Beijing,158,2015,6,1
Beijing,83,2015,6,2
Beijing,79,2015,6,3
Beijing,102,2015,6,4
Beijing,,2015,6,5
Beijing,104,2015,6,6
Beijing,63,2015,6,7
Beijing,69,2015,6,8
Beijing,137,2015,6,9
Beijing,103,2015,6,10
Beijing,46,2015,6,11
Beijing,44,2015,6,12
Beijing,66,2015,6,13
Beijing,100,2015,6,14
Beijing,163,2015,6,15
Beijing,179,2015,6,16
Beijing,115,2015,6,17
Beijing,49,2015,6,18
Beijing,39,2015,6,19
Beijing,111,2015,6,20
Beijing,139,2015,6,21
Beijing,163,2015,6,22
Beijing,236,2015,6,23
Beijing,153,2015,6,24
Beijing,163,2015,6,25
Beijing,135,2015,6,26
Beijing,124,2015,6,27
Beijing,201,2015,6,28
Beijing,147,2015,6,29
Beijing,51,2015,6,30
Beijing,45,2015,7,1
Beijing,46,2015,7,2
Beijing,116,2015,7,3
Beijing,76,2015,7,4
Beijing,159,2015,7,5
Beijing,154,2015,7,6
Beijing,156,2015,7,7
Beijing,173,2015,7,8
Beijing,170,2015,7,9
Beijing,143,2015,7,10
Beijing,179,2015,7,11
Beijing,201,2015,7,12
Beijing,185,2015,7,13
Beijing,155,2015,7,14
Beijing,75,2015,7,15
Beijing,56,2015,7,16
Beijing,55,2015,7,17
Beijing,81,2015,7,18
Beijing,95,2015,7,19
Beijing,118,2015,7,20
Beijing,176,2015,7,21
Beijing,110,2015,7,22
Beijing,70,2015,7,23
Beijing,138,2015,7,24
Beijing,158,2015,7,25
Beijing,151,2015,7,26
Beijing,130,2015,7,27
Beijing,109,2015,7,28
Beijing,138,2015,7,29
Beijing,75,2015,7,30
Beijing,85,2015,7,31
Beijing,90,2015,8,1
Beijing,102,2015,8,2
Beijing,82,2015,8,3
Beijing,110,2015,8,4
Beijing,127,2015,8,5
Beijing,119,2015,8,6
Beijing,119,2015,8,7
Beijing,110,2015,8,8
Beijing,152,2015,8,9
Beijing,112,2015,8,10
Beijing,175,2015,8,11
Beijing,161,2015,8,12
Beijing,202,2015,8,13
Beijing,119,2015,8,14
Beijing,80,2015,8,15
Beijing,201,2015,8,16
Beijing,145,2015,8,17
Beijing,90,2015,8,18
Beijing,97,2015,8,19
Beijing,100,2015,8,20
Beijing,94,2015,8,21
Beijing,56,2015,8,22
Beijing,53,2015,8,23
Beijing,50,2015,8,25
Beijing,61,2015,8,26
Beijing,60,2015,8,27
Beijing,70,2015,8,28
Beijing,118,2015,8,29
Beijing,74,2015,8,30
Beijing,37,2015,8,31
Beijing,34,2015,9,1
Beijing,44,2015,9,2
Beijing,74,2015,9,3
Beijing,64,2015,9,4
Beijing,44,2015,9,5
Beijing,63,2015,9,6
Beijing,84,2015,9,7
Beijing,104,2015,9,8
Beijing,50,2015,9,9
Beijing,37,2015,9,10
Beijing,35,2015,9,11
Beijing,34,2015,9,12
Beijing,57,2015,9,13
Beijing,89,2015,9,14
Beijing,140,2015,9,15
Beijing,169,2015,9,16
Beijing,201,2015,9,17
Beijing,102,2015,9,18
Beijing,69,2015,9,19
Beijing,114,2015,9,20
Beijing,133,2015,9,21
Beijing,179,2015,9,22
Beijing,57,2015,9,23
Beijing,124,2015,9,24
Beijing,49,2015,9,25
Beijing,74,2015,9,26
Beijing,73,2015,9,27
Beijing,68,2015,9,28
Beijing,62,2015,9,29
Beijing,48,2015,9,30
Beijing,33,2015,10,1
Beijing,59,2015,10,2
Beijing,62,2015,10,3
Beijing,149,2015,10,4
Beijing,272,2015,10,5
Beijing,343,2015,10,6
Beijing,310,2015,10,7
Beijing,35,2015,10,8
Beijing,39,2015,10,9
Beijing,27,2015,10,10
Beijing,37,2015,10,11
Beijing,60,2015,10,12
Beijing,84,2015,10,13
Beijing,135,2015,10,14
Beijing,143,2015,10,15
Beijing,253,2015,10,16
Beijing,344,2015,10,17
Beijing,64,2015,10,18
Beijing,78,2015,10,19
Beijing,99,2015,10,20
Beijing,70,2015,10,21
Beijing,54,2015,10,22
Beijing,74,2015,10,23
Beijing,75,2015,10,24
Beijing,74,2015,10,25
Beijing,63,2015,10,26
Beijing,48,2015,10,27
Beijing,30,2015,10,28
Beijing,30,2015,10,29
Beijing,58,2015,10,30
Beijing,73,2015,10,31
Beijing,98,2015,11,1
Beijing,102,2015,11,2
Beijing,199,2015,11,3
Beijing,260,2015,11,4
Beijing,144,2015,11,5
Beijing,37,2015,11,6
Beijing,37,2015,11,7
Beijing,82,2015,11,8
Beijing,163,2015,11,9
Beijing,175,2015,11,10
Beijing,137,2015,11,11
Beijing,205,2015,11,12
Beijing,258,2015,11,13
Beijing,324,2015,11,14
Beijing,246,2015,11,15
Beijing,79,2015,11,16
Beijing,82,2015,11,17
Beijing,92,2015,11,18
Beijing,102,2015,11,19
Beijing,88,2015,11,20
Beijing,60,2015,11,21
Beijing,69,2015,11,22
Beijing,39,2015,11,23
Beijing,65,2015,11,24
Beijing,69,2015,11,25
Beijing,55,2015,11,26
Beijing,264,2015,11,27
Beijing,308,2015,11,28
Beijing,302,2015,11,29
Beijing,450,2015,11,30
Beijing,476,2015,12,1
Beijing,24,2015,12,2
Beijing,33,2015,12,3
Beijing,54,2015,12,4
Beijing,77,2015,12,5
Beijing,175,2015,12,6
Beijing,230,2015,12,7
Beijing,295,2015,12,8
Beijing,294,2015,12,9
Beijing,127,2015,12,10
Beijing,75,2015,12,11
Beijing,172,2015,12,12
Beijing,229,2015,12,13
Beijing,207,2015,12,14
Beijing,28,2015,12,15
Beijing,23,2015,12,16
Beijing,84,2015,12,17
Beijing,80,2015,12,18
Beijing,168,2015,12,19
Beijing,249,2015,12,20
Beijing,280,2015,12,21
Beijing,347,2015,12,22
Beijing,305,2015,12,23
Beijing,209,2015,12,24
Beijing,485,2015,12,25
Beijing,315,2015,12,26
Beijing,75,2015,12,27
Beijing,149,2015,12,28
Beijing,329,2015,12,29
Beijing,104,2015,12,30
Beijing,90,2015,12,31
Beijing,226,2016,1,1
Beijing,316,2016,1,2
Beijing,297,2016,1,3
Beijing,53,2016,1,4
Beijing,63,2016,1,5
Beijing,44,2016,1,6
Beijing,35,2016,1,7
Beijing,54,2016,1,8
Beijing,102,2016,1,9
Beijing,69,2016,1,10
Beijing,32,2016,1,11
Beijing,38,2016,1,12
Beijing,62,2016,1,13
Beijing,98,2016,1,14
Beijing,132,2016,1,15
Beijing,162,2016,1,16
Beijing,53,2016,1,17
Beijing,45,2016,1,18
Beijing,84,2016,1,19
Beijing,153,2016,1,20
Beijing,173,2016,1,21
Beijing,33,2016,1,22
Beijing,47,2016,1,23
Beijing,47,2016,1,24
Beijing,54,2016,1,25
Beijing,56,2016,1,26
Beijing,129,2016,1,27
Beijing,159,2016,1,28
Beijing,84,2016,1,29
Beijing,69,2016,1,30
Beijing,38,2016,1,31
Beijing,40,2016,2,1
Beijing,62,2016,2,2
Beijing,69,2016,2,3
Beijing,36,2016,2,4
Beijing,38,2016,2,5
Beijing,45,2016,2,6
Beijing,69,2016,2,7
Beijing,238,2016,2,8
Beijing,60,2016,2,9
Beijing,128,2016,2,10
Beijing,202,2016,2,11
Beijing,192,2016,2,12
Beijing,34,2016,2,13
Beijing,36,2016,2,14
Beijing,46,2016,2,15
Beijing,38,2016,2,16
Beijing,64,2016,2,17
Beijing,42,2016,2,18
Beijing,40,2016,2,19
Beijing,40,2016,2,20
Beijing,108,2016,2,21
Beijing,92,2016,2,22
Beijing,41,2016,2,23
Beijing,49,2016,2,24
Beijing,45,2016,2,25
Beijing,55,2016,2,26
Beijing,45,2016,2,27
Beijing,48,2016,2,28
Beijing,53,2016,2,29
Beijing,158,2016,3,1
Beijing,212,2016,3,2
Beijing,333,2016,3,3
Beijing,365,2016,3,4
Beijing,170,2016,3,5
Beijing,116,2016,3,6
Beijing,70,2016,3,7
Beijing,39,2016,3,8
Beijing,37,2016,3,9
Beijing,49,2016,3,10
Beijing,51,2016,3,11
Beijing,144,2016,3,12
Beijing,48,2016,3,13
Beijing,103,2016,3,14
Beijing,190,2016,3,15
Beijing,300,2016,3,16
Beijing,338,2016,3,17
Beijing,227,2016,3,18
Beijing,88,2016,3,19
Beijing,89,2016,3,20
Beijing,163,2016,3,21
Beijing,138,2016,3,22
Beijing,43,2016,3,23
Beijing,44,2016,3,24
Beijing,48,2016,3,25
Beijing,45,2016,3,26
Beijing,47,2016,3,27
Beijing,123,2016,3,28
Beijing,62,2016,3,29
Beijing,63,2016,3,30
Beijing,199,2016,3,31
Beijing,93,2016,4,1
Beijing,43,2016,4,2
Beijing,52,2016,4,3
Beijing,103,2016,4,4
Beijing,148,2016,4,5
Beijing,192,2016,4,6
Beijing,108,2016,4,7
Beijing,71,2016,4,8
Beijing,148,2016,4,9
Beijing,121,2016,4,10
Beijing,77,2016,4,11
Beijing,105,2016,4,12
Beijing,158,2016,4,13
Beijing,76,2016,4,14
Beijing,80,2016,4,15
Beijing,,2016,4,16
Beijing,46,2016,4,17
Beijing,50,2016,4,18
Beijing,98,2016,4,19
Beijing,92,2016,4,20
Beijing,127,2016,4,21
Beijing,74,2016,4,22
Beijing,54,2016,4,23
Beijing,113,2016,4,24
Beijing,119,2016,4,25
Beijing,95,2016,4,26
Beijing,120,2016,4,27
Beijing,122,2016,4,28
Beijing,168,2016,4,29
Beijing,209,2016,4,30
Beijing,234,2016,5,1
Beijing,82,2016,5,2
Beijing,60,2016,5,3
Beijing,68,2016,5,4
Beijing,102,2016,5,5
Beijing,116,2016,5,6
Beijing,74,2016,5,7
Beijing,97,2016,5,8
Beijing,64,2016,5,9
Beijing,100,2016,5,10
Beijing,200,2016,5,11
Beijing,62,2016,5,12
Beijing,73,2016,5,13
Beijing,58,2016,5,14
Beijing,49,2016,5,15
Beijing,75,2016,5,16
Beijing,162,2016,5,17
Beijing,134,2016,5,18
Beijing,184,2016,5,19
Beijing,171,2016,5,20
Beijing,150,2016,5,21
Beijing,142,2016,5,22
Beijing,95,2016,5,23
Beijing,75,2016,5,24
Beijing,66,2016,5,25
Beijing,63,2016,5,26
Beijing,122,2016,5,27
Beijing,138,2016,5,28
Beijing,95,2016,5,29
Beijing,204,2016,5,30
Beijing,138,2016,5,31
Beijing,108,2016,6,1
Beijing,156,2016,6,2
Beijing,160,2016,6,3
Beijing,179,2016,6,4
Beijing,161,2016,6,5
Beijing,189,2016,6,6
Beijing,127,2016,6,7
Beijing,170,2016,6,8
Beijing,153,2016,6,9
Beijing,123,2016,6,10
Beijing,64,2016,6,11
Beijing,146,2016,6,12
Beijing,96,2016,6,13
Beijing,50,2016,6,14
Beijing,92,2016,6,15
Beijing,90,2016,6,16
Beijing,59,2016,6,17
Beijing,145,2016,6,18
Beijing,149,2016,6,19
Beijing,166,2016,6,20
Beijing,175,2016,6,21
Beijing,150,2016,6,22
Beijing,117,2016,6,23
Beijing,70,2016,6,24
Beijing,59,2016,6,25
Beijing,140,2016,6,26
Beijing,98,2016,6,27
Beijing,98,2016,6,28
Beijing,145,2016,6,29
Beijing,130,2016,6,30
Beijing,82,2016,7,1
Beijing,119,2016,7,2
Beijing,137,2016,7,3
Beijing,173,2016,7,4
Beijing,161,2016,7,5
Beijing,155,2016,7,6
Beijing,177,2016,7,7
Beijing,146,2016,7,8
Beijing,143,2016,7,9
Beijing,137,2016,7,10
Beijing,129,2016,7,11
Beijing,52,2016,7,12
Beijing,112,2016,7,13
Beijing,80,2016,7,14
Beijing,52,2016,7,15
Beijing,54,2016,7,16
Beijing,154,2016,7,17
Beijing,139,2016,7,18
Beijing,133,2016,7,19
Beijing,48,2016,7,20
Beijing,40,2016,7,21
Beijing,100,2016,7,22
Beijing,158,2016,7,23
Beijing,131,2016,7,24
Beijing,57,2016,7,25
Beijing,93,2016,7,26
Beijing,168,2016,7,27
Beijing,128,2016,7,28
Beijing,158,2016,7,29
Beijing,170,2016,7,30
Beijing,77,2016,7,31
Beijing,109,2016,8,1
Beijing,96,2016,8,2
Beijing,153,2016,8,3
Beijing,155,2016,8,4
Beijing,103,2016,8,5
Beijing,129,2016,8,6
Beijing,69,2016,8,7
Beijing,95,2016,8,8
Beijing,135,2016,8,9
Beijing,112,2016,8,10
Beijing,114,2016,8,11
Beijing,79,2016,8,12
Beijing,50,2016,8,13
Beijing,104,2016,8,14
Beijing,45,2016,8,15
Beijing,96,2016,8,16
Beijing,87,2016,8,17
Beijing,99,2016,8,18
Beijing,67,2016,8,19
Beijing,134,2016,8,20
Beijing,179,2016,8,21
Beijing,103,2016,8,22
Beijing,95,2016,8,23
Beijing,109,2016,8,24
Beijing,34,2016,8,25
Beijing,45,2016,8,26
Beijing,48,2016,8,27
Beijing,46,2016,8,28
Beijing,66,2016,8,29
Beijing,109,2016,8,30
Beijing,50,2016,8,31
Beijing,39,2016,9,1
Beijing,39,2016,9,2
Beijing,86,2016,9,3
Beijing,106,2016,9,4
Beijing,54,2016,9,5
Beijing,,2016,9,6
Beijing,87,2016,9,7
Beijing,55,2016,9,8
Beijing,53,2016,9,9
Beijing,54,2016,9,10
Beijing,65,2016,9,11
Beijing,72,2016,9,12
Beijing,118,2016,9,13
Beijing,130,2016,9,14
Beijing,111,2016,9,15
Beijing,172,2016,9,16
Beijing,57,2016,9,17
Beijing,42,2016,9,18
Beijing,44,2016,9,19
Beijing,59,2016,9,20
Beijing,97,2016,9,21
Beijing,137,2016,9,22
Beijing,168,2016,9,23
Beijing,156,2016,9,24
Beijing,211,2016,9,25
Beijing,80,2016,9,26
Beijing,33,2016,9,27
Beijing,75,2016,9,29
Beijing,135,2016,9,30
